internal_id,fee_date,aum_bps,additional_fee_bps,created_at
1CNXU,2024-01-31,0.0006,0.00015,2024-02-20 21:10:35.136116
9LZ03,2024-01-31,0.0004,0.0001,2024-02-20 21:10:35.136116
ML3VU,2024-01-31,0.0006,0.00015,2024-02-20 21:10:35.136116
TBRY7,2024-01-31,0.0002,0.00005,2024-02-20 21:10:35.136116
IP4RS,2024-01-31,0.0005,0.000125,2024-02-20 21:10:35.136116
6U0VA,2024-01-31,0.0006,0.00015,2024-02-20 21:10:35.136116
KYFTE,2024-01-31,0.0005,0.000125,2024-02-20 21:10:35.136116
WXO97,2024-01-31,0.0003,0.000075,2024-02-20 21:10:35.136116
1TIPY,2024-01-31,0.0004,0.0001,2024-02-20 21:10:35.136116
TP4ZF,2024-01-31,0.0005,0.000125,2024-02-20 21:10:35.136116
CZB5X,2024-01-31,0.0011,0.000275,2024-02-20 21:10:35.136116
RAFCU,2024-01-31,0.0007,0.000175,2024-02-20 21:10:35.136116
VIHVV,2024-01-31,0.0005,0.000125,2024-02-20 21:10:35.136116
OPPSF,2024-01-31,0.0003,0.000075,2024-02-20 21:10:35.136116
LAVC2,2024-01-31,0.0002,0.00005,2024-02-20 21:10:35.136116
BRQPQ,2024-01-31,0.0009,0.000225,2024-02-20 21:10:35.136116
BJVAE,2024-01-31,0.0007,0.000175,2024-02-20 21:10:35.136116
XVGI1,2024-01-31,0.0006,0.00015,2024-02-20 21:10:35.136116
SOCCG,2024-01-31,0.0007,0.000175,2024-02-20 21:10:35.136116
9IDUJ,2024-01-31,0.0007,0.000175,2024-02-20 21:10:35.136116
HW8NG,2024-01-31,0.001,0.00025,2024-02-20 21:10:35.136116
WLCO4,2024-01-31,0.0004,0.0001,2024-02-20 21:10:35.136116
5FGCX,2024-01-31,0.0011,0.000275,2024-02-20 21:10:35.136116
YVK5A,2024-01-31,0.0004,0.0001,2024-02-20 21:10:35.136116
5U5D7,2024-01-31,0.0008,0.0002,2024-02-20 21:10:35.136116
ZOVAU,2024-01-31,0.001,0.00025,2024-02-20 21:10:35.136116
KJRCF,2024-01-31,0.0011,0.000275,2024-02-20 21:10:35.136116
IIQ6L,2024-01-31,0.0009,0.000225,2024-02-20 21:10:35.136116
G6I8V,2024-01-31,0.0011,0.000275,2024-02-20 21:10:35.136116
BQIG1,2024-01-31,0.0011,0.000275,2024-02-20 21:10:35.136116
HBGSO,2024-01-31,0.0011,0.000275,2024-02-20 21:10:35.136116
AYCRB,2024-01-31,0.0006,0.00015,2024-02-20 21:10:35.136116
SIRFG,2024-01-31,0.0011,0.000275,2024-02-20 21:10:35.136116
IXZIX,2024-01-31,0.001,0.00025,2024-02-20 21:10:35.136116
66CEN,2024-01-31,0.0002,0.00005,2024-02-20 21:10:35.136116
H3RZC,2024-01-31,0.0004,0.0001,2024-02-20 21:10:35.136116
NU0X7,2024-01-31,0.0004,0.0001,2024-02-20 21:10:35.136116
SOFNA,2024-01-31,0.0011,0.000275,2024-02-20 21:10:35.136116
DYCEA,2024-01-31,0.0003,0.000075,2024-02-20 21:10:35.136116
FS6QB,2024-01-31,0.0007,0.000175,2024-02-20 21:10:35.136116
CUA1P,2024-01-31,0.0008,0.0002,2024-02-20 21:10:35.136116
3S7RG,2024-01-31,0.0003,0.000075,2024-02-20 21:10:35.136116
NDWON,2024-01-31,0.0008,0.0002,2024-02-20 21:10:35.136116
ZZLYB,2024-01-31,0.0009,0.000225,2024-02-20 21:10:35.136116
MBQHK,2024-01-31,0.0002,0.00005,2024-02-20 21:10:35.136116
1BGY0,2024-01-31,0.0009,0.000225,2024-02-20 21:10:35.136116
DESVO,2024-01-31,0.0011,0.000275,2024-02-20 21:10:35.136116
WX82Z,2024-01-31,0.0002,0.00005,2024-02-20 21:10:35.136116
0MDF4,2024-01-31,0.0004,0.0001,2024-02-20 21:10:35.136116
QJ8EI,2024-01-31,0.0009,0.000225,2024-02-20 21:10:35.136116
5TF7X,2024-01-31,0.0007,0.000175,2024-02-20 21:10:35.136116
YNUL4,2024-01-31,0.0008,0.0002,2024-02-20 21:10:35.136116
MMTXE,2024-01-31,0.0007,0.000175,2024-02-20 21:10:35.136116
8JJ9U,2024-01-31,0.001,0.00025,2024-02-20 21:10:35.136116
FLUU0,2024-01-31,0.0011,0.000275,2024-02-20 21:10:35.136116
XP0U9,2024-01-31,0.001,0.00025,2024-02-20 21:10:35.136116
KVS5P,2024-01-31,0.0008,0.0002,2024-02-20 21:10:35.136116
5JSFI,2024-01-31,0.0006,0.00015,2024-02-20 21:10:35.136116
EYRFC,2024-01-31,0.0004,0.0001,2024-02-20 21:10:35.136116
GYVS2,2024-01-31,0.0002,0.00005,2024-02-20 21:10:35.136116
XHMMX,2024-01-31,0.0009,0.000225,2024-02-20 21:10:35.136116
QOLYP,2024-01-31,0.0008,0.0002,2024-02-20 21:10:35.136116
THKUB,2024-01-31,0.0005,0.000125,2024-02-20 21:10:35.136116
CA431,2024-01-31,0.0005,0.000125,2024-02-20 21:10:35.136116
ZELSD,2024-01-31,0.0005,0.000125,2024-02-20 21:10:35.136116
3OWZD,2024-01-31,0.0004,0.0001,2024-02-20 21:10:35.136116
TLAKW,2024-01-31,0.0002,0.00005,2024-02-20 21:10:35.136116
OOPKG,2024-01-31,0.0003,0.000075,2024-02-20 21:10:35.136116
IWLSF,2024-01-31,0.001,0.00025,2024-02-20 21:10:35.136116
J7AM5,2024-01-31,0.0005,0.000125,2024-02-20 21:10:35.136116
HAAA2,2024-01-31,0.0004,0.0001,2024-02-20 21:10:35.136116
RDCDP,2024-01-31,0.0006,0.00015,2024-02-20 21:10:35.136116
AZH2W,2024-01-31,0.0007,0.000175,2024-02-20 21:10:35.136116
5P1BN,2024-01-31,0.0007,0.000175,2024-02-20 21:10:35.136116
SNKOM,2024-01-31,0.0004,0.0001,2024-02-20 21:10:35.136116
VIRDB,2024-01-31,0.001,0.00025,2024-02-20 21:10:35.136116
0WJWT,2024-01-31,0.0011,0.000275,2024-02-20 21:10:35.136116
N0PPG,2024-01-31,0.0004,0.0001,2024-02-20 21:10:35.136116
ADTOL,2024-01-31,0.0007,0.000175,2024-02-20 21:10:35.136116
PSFYP,2024-01-31,0.0008,0.0002,2024-02-20 21:10:35.136116
WJ79T,2024-01-31,0.0006,0.00015,2024-02-20 21:10:35.136116
5ZZ3V,2024-01-31,0.0005,0.000125,2024-02-20 21:10:35.136116
W5ZRI,2024-01-31,0.0009,0.000225,2024-02-20 21:10:35.136116
ZRU3X,2024-01-31,0.0009,0.000225,2024-02-20 21:10:35.136116
RVMN4,2024-01-31,0.0009,0.000225,2024-02-20 21:10:35.136116
2ASHP,2024-01-31,0.0005,0.000125,2024-02-20 21:10:35.136116
JGQAA,2024-01-31,0.0007,0.000175,2024-02-20 21:10:35.136116
S4QDP,2024-01-31,0.0007,0.000175,2024-02-20 21:10:35.136116
MPWHK,2024-01-31,0.0006,0.00015,2024-02-20 21:10:35.136116
76TLZ,2024-01-31,0.001,0.00025,2024-02-20 21:10:35.136116
MBIBR,2024-01-31,0.0002,0.00005,2024-02-20 21:10:35.136116
DTL75,2024-01-31,0.0003,0.000075,2024-02-20 21:10:35.136116
2UQPR,2024-01-31,0.0004,0.0001,2024-02-20 21:10:35.136116
RRYQX,2024-01-31,0.001,0.00025,2024-02-20 21:10:35.136116
KBMDU,2024-01-31,0.0005,0.000125,2024-02-20 21:10:35.136116
XTRUY,2024-01-31,0.0002,0.00005,2024-02-20 21:10:35.136116
WL5VV,2024-01-31,0.0003,0.000075,2024-02-20 21:10:35.136116
ETYIU,2024-01-31,0.0008,0.0002,2024-02-20 21:10:35.136116
CXYH0,2024-01-31,0.001,0.00025,2024-02-20 21:10:35.136116
VQZRK,2024-01-31,0.0008,0.0002,2024-02-20 21:10:35.136116
T3B03,2024-01-31,0.0008,0.0002,2024-02-20 21:10:35.136116
1AY2E,2024-01-31,0.0006,0.00015,2024-02-20 21:10:35.136116
EDGVH,2024-01-31,0.0005,0.000125,2024-02-20 21:10:35.136116
LEGED,2024-01-31,0.0004,0.0001,2024-02-20 21:10:35.136116
PDIPM,2024-01-31,0.0002,0.00005,2024-02-20 21:10:35.136116
A7GTY,2024-01-31,0.0002,0.00005,2024-02-20 21:10:35.136116
ZPFGD,2024-01-31,0.0005,0.000125,2024-02-20 21:10:35.136116
8FYMY,2024-01-31,0.0002,0.00005,2024-02-20 21:10:35.136116
S2J3G,2024-01-31,0.0007,0.000175,2024-02-20 21:10:35.136116
IJTWL,2024-01-31,0.0003,0.000075,2024-02-20 21:10:35.136116
QOZML,2024-01-31,0.0004,0.0001,2024-02-20 21:10:35.136116
CYYZ1,2024-01-31,0.0004,0.0001,2024-02-20 21:10:35.136116
RNJNB,2024-01-31,0.0002,0.00005,2024-02-20 21:10:35.136116
CDZI0,2024-01-31,0.0008,0.0002,2024-02-20 21:10:35.136116
K6D8Q,2024-01-31,0.0004,0.0001,2024-02-20 21:10:35.136116
EYSZM,2024-01-31,0.0011,0.000275,2024-02-20 21:10:35.136116
REF6Z,2024-01-31,0.0009,0.000225,2024-02-20 21:10:35.136116
VTU2N,2024-01-31,0.0005,0.000125,2024-02-20 21:10:35.136116
BXLEL,2024-01-31,0.0003,0.000075,2024-02-20 21:10:35.136116
T2SUK,2024-01-31,0.001,0.00025,2024-02-20 21:10:35.136116
LQUNB,2024-01-31,0.001,0.00025,2024-02-20 21:10:35.136116
BL1TF,2024-01-31,0.0007,0.000175,2024-02-20 21:10:35.136116
YVYJQ,2024-01-31,0.0011,0.000275,2024-02-20 21:10:35.136116
GDXBJ,2024-01-31,0.0011,0.000275,2024-02-20 21:10:35.136116
G3UNP,2024-01-31,0.0002,0.00005,2024-02-20 21:10:35.136116
I8DTN,2024-01-31,0.0006,0.00015,2024-02-20 21:10:35.136116
JNSUP,2024-01-31,0.0005,0.000125,2024-02-20 21:10:35.136116
IYQXS,2024-01-31,0.0009,0.000225,2024-02-20 21:10:35.136116
YEQKR,2024-01-31,0.0011,0.000275,2024-02-20 21:10:35.136116
WHKGD,2024-01-31,0.0011,0.000275,2024-02-20 21:10:35.136116
6RYVJ,2024-01-31,0.0008,0.0002,2024-02-20 21:10:35.136116
TJLWB,2024-01-31,0.001,0.00025,2024-02-20 21:10:35.136116
HZ8NO,2024-01-31,0.0005,0.000125,2024-02-20 21:10:35.136116
TDAY3,2024-01-31,0.0004,0.0001,2024-02-20 21:10:35.136116
VKLAX,2024-01-31,0.0011,0.000275,2024-02-20 21:10:35.136116
VSJIR,2024-01-31,0.0005,0.000125,2024-02-20 21:10:35.136116
JJPGD,2024-01-31,0.0002,0.00005,2024-02-20 21:10:35.136116
2WPOT,2024-01-31,0.0007,0.000175,2024-02-20 21:10:35.136116
MSRJN,2024-01-31,0.0003,0.000075,2024-02-20 21:10:35.136116
YTWPV,2024-01-31,0.0007,0.000175,2024-02-20 21:10:35.136116
LTAZI,2024-01-31,0.001,0.00025,2024-02-20 21:10:35.136116
A7B7Y,2024-01-31,0.001,0.00025,2024-02-20 21:10:35.136116
JPJJD,2024-01-31,0.0004,0.0001,2024-02-20 21:10:35.136116
XUORV,2024-01-31,0.0005,0.000125,2024-02-20 21:10:35.136116
JDTA4,2024-01-31,0.0003,0.000075,2024-02-20 21:10:35.136116
OCWCM,2024-01-31,0.0003,0.000075,2024-02-20 21:10:35.136116
QN15P,2024-01-31,0.0005,0.000125,2024-02-20 21:10:35.136116
MQ7FH,2024-01-31,0.0005,0.000125,2024-02-20 21:10:35.136116
EWSOY,2024-01-31,0.0003,0.000075,2024-02-20 21:10:35.136116
H2MZN,2024-01-31,0.0008,0.0002,2024-02-20 21:10:35.136116
9CXV7,2024-01-31,0.0002,0.00005,2024-02-20 21:10:35.136116
QHNFZ,2024-01-31,0.0003,0.000075,2024-02-20 21:10:35.136116
IZCV5,2024-01-31,0.0005,0.000125,2024-02-20 21:10:35.136116
UQ8WF,2024-01-31,0.0004,0.0001,2024-02-20 21:10:35.136116
9R1VW,2024-01-31,0.0003,0.000075,2024-02-20 21:10:35.136116
JGQS4,2024-01-31,0.001,0.00025,2024-02-20 21:10:35.136116
I7GT9,2024-01-31,0.0005,0.000125,2024-02-20 21:10:35.136116
HZFIX,2024-01-31,0.0004,0.0001,2024-02-20 21:10:35.136116
SLGZN,2024-01-31,0.0005,0.000125,2024-02-20 21:10:35.136116
SUPXY,2024-01-31,0.0006,0.00015,2024-02-20 21:10:35.136116
R4LPE,2024-01-31,0.001,0.00025,2024-02-20 21:10:35.136116
3X0ID,2024-01-31,0.001,0.00025,2024-02-20 21:10:35.136116
M2W8A,2024-01-31,0.0003,0.000075,2024-02-20 21:10:35.136116
XJHAJ,2024-01-31,0.0011,0.000275,2024-02-20 21:10:35.136116
VEHAK,2024-01-31,0.0007,0.000175,2024-02-20 21:10:35.136116
O5XNF,2024-01-31,0.0009,0.000225,2024-02-20 21:10:35.136116
81HVS,2024-01-31,0.0006,0.00015,2024-02-20 21:10:35.136116
1JAUD,2024-01-31,0.0007,0.000175,2024-02-20 21:10:35.136116
0ON8Z,2024-01-31,0.0009,0.000225,2024-02-20 21:10:35.136116
USDVO,2024-01-31,0.0011,0.000275,2024-02-20 21:10:35.136116
TN92T,2024-01-31,0.0009,0.000225,2024-02-20 21:10:35.136116
EXDBP,2024-01-31,0.0004,0.0001,2024-02-20 21:10:35.136116
QFY7Y,2024-01-31,0.0009,0.000225,2024-02-20 21:10:35.136116
ZBEQK,2024-01-31,0.0009,0.000225,2024-02-20 21:10:35.136116
YGHJL,2024-01-31,0.0008,0.0002,2024-02-20 21:10:35.136116
EJYIM,2024-01-31,0.0003,0.000075,2024-02-20 21:10:35.136116
MOLH9,2024-01-31,0.0008,0.0002,2024-02-20 21:10:35.136116
NLIJI,2024-01-31,0.0009,0.000225,2024-02-20 21:10:35.136116
RNZSU,2024-01-31,0.0005,0.000125,2024-02-20 21:10:35.136116
H45B5,2024-01-31,0.0011,0.000275,2024-02-20 21:10:35.136116
3KWXC,2024-01-31,0.0004,0.0001,2024-02-20 21:10:35.136116
SD8U8,2024-01-31,0.0008,0.0002,2024-02-20 21:10:35.136116
GNVNO,2024-01-31,0.0007,0.000175,2024-02-20 21:10:35.136116
BDZ2K,2024-01-31,0.0003,0.000075,2024-02-20 21:10:35.136116
N7CE9,2024-01-31,0.001,0.00025,2024-02-20 21:10:35.136116
XQWMN,2024-01-31,0.001,0.00025,2024-02-20 21:10:35.136116
EL6FI,2024-01-31,0.0004,0.0001,2024-02-20 21:10:35.136116
BS7CY,2024-01-31,0.0006,0.00015,2024-02-20 21:10:35.136116
0LNIT,2024-01-31,0.0009,0.000225,2024-02-20 21:10:35.136116
B34QA,2024-01-31,0.0005,0.000125,2024-02-20 21:10:35.136116
J6D89,2024-01-31,0.0011,0.000275,2024-02-20 21:10:35.136116
MPPYS,2024-01-31,0.0009,0.000225,2024-02-20 21:10:35.136116
CORPT,2024-01-31,0.0006,0.00015,2024-02-20 21:10:35.136116
ODEHH,2024-01-31,0.0008,0.0002,2024-02-20 21:10:35.136116
KBMVZ,2024-01-31,0.0008,0.0002,2024-02-20 21:10:35.136116
L8KBK,2024-01-31,0.0005,0.000125,2024-02-20 21:10:35.136116
52VVU,2024-01-31,0.0009,0.000225,2024-02-20 21:10:35.136116
7RGTO,2024-01-31,0.0003,0.000075,2024-02-20 21:10:35.136116
GW5DS,2024-01-31,0.0006,0.00015,2024-02-20 21:10:35.136116
IRFSW,2024-01-31,0.0004,0.0001,2024-02-20 21:10:35.136116
GT6P7,2024-01-31,0.0007,0.000175,2024-02-20 21:10:35.136116
4ALNE,2024-01-31,0.0007,0.000175,2024-02-20 21:10:35.136116
ZIBTC,2024-01-31,0.0011,0.000275,2024-02-20 21:10:35.136116
QQ7IW,2024-01-31,0.0003,0.000075,2024-02-20 21:10:35.136116
CI718,2024-01-31,0.0006,0.00015,2024-02-20 21:10:35.136116
TO2ZE,2024-01-31,0.0002,0.00005,2024-02-20 21:10:35.136116
9KSQY,2024-01-31,0.0005,0.000125,2024-02-20 21:10:35.136116
PMOZM,2024-01-31,0.0006,0.00015,2024-02-20 21:10:35.136116
LYU9H,2024-01-31,0.0002,0.00005,2024-02-20 21:10:35.136116
CPHQF,2024-01-31,0.0006,0.00015,2024-02-20 21:10:35.136116
KUU8N,2024-01-31,0.0002,0.00005,2024-02-20 21:10:35.136116
N1HHW,2024-01-31,0.0007,0.000175,2024-02-20 21:10:35.136116
EFTLV,2024-01-31,0.0004,0.0001,2024-02-20 21:10:35.136116
D0QMK,2024-01-31,0.0011,0.000275,2024-02-20 21:10:35.136116
WLBTD,2024-01-31,0.0004,0.0001,2024-02-20 21:10:35.136116
4AUUX,2024-01-31,0.0007,0.000175,2024-02-20 21:10:35.136116
EW0XB,2024-01-31,0.0008,0.0002,2024-02-20 21:10:35.136116
WB1CR,2024-01-31,0.0004,0.0001,2024-02-20 21:10:35.136116
O3BYK,2024-01-31,0.0009,0.000225,2024-02-20 21:10:35.136116
9OQWI,2024-01-31,0.0002,0.00005,2024-02-20 21:10:35.136116
KGRKT,2024-01-31,0.0004,0.0001,2024-02-20 21:10:35.136116
ZIUBV,2024-01-31,0.001,0.00025,2024-02-20 21:10:35.136116
IW7AP,2024-01-31,0.001,0.00025,2024-02-20 21:10:35.136116
UESJQ,2024-01-31,0.0005,0.000125,2024-02-20 21:10:35.136116
MHMXR,2024-01-31,0.0004,0.0001,2024-02-20 21:10:35.136116
VGXML,2024-01-31,0.0009,0.000225,2024-02-20 21:10:35.136116
NMUDR,2024-01-31,0.0003,0.000075,2024-02-20 21:10:35.136116
XUIXW,2024-01-31,0.0005,0.000125,2024-02-20 21:10:35.136116
6HDCX,2024-01-31,0.0004,0.0001,2024-02-20 21:10:35.136116
XVMXD,2024-01-31,0.0007,0.000175,2024-02-20 21:10:35.136116
KQJ0Z,2024-01-31,0.0005,0.000125,2024-02-20 21:10:35.136116
SH9UT,2024-01-31,0.0011,0.000275,2024-02-20 21:10:35.136116
ZWHUH,2024-01-31,0.0009,0.000225,2024-02-20 21:10:35.136116
TWH5I,2024-01-31,0.0002,0.00005,2024-02-20 21:10:35.136116
E9FNM,2024-01-31,0.0004,0.0001,2024-02-20 21:10:35.136116
JKVSS,2024-01-31,0.0004,0.0001,2024-02-20 21:10:35.136116
WQLWH,2024-01-31,0.0006,0.00015,2024-02-20 21:10:35.136116
EZWNM,2024-01-31,0.0004,0.0001,2024-02-20 21:10:35.136116
DK3K1,2024-01-31,0.0003,0.000075,2024-02-20 21:10:35.136116
LMGTE,2024-01-31,0.001,0.00025,2024-02-20 21:10:35.136116
2OWKF,2024-01-31,0.0009,0.000225,2024-02-20 21:10:35.136116
PUVMR,2024-01-31,0.0002,0.00005,2024-02-20 21:10:35.136116
XBQ1D,2024-01-31,0.0003,0.000075,2024-02-20 21:10:35.136116
I4GKT,2024-01-31,0.0009,0.000225,2024-02-20 21:10:35.136116
MEVP0,2024-01-31,0.0002,0.00005,2024-02-20 21:10:35.136116
GHCIJ,2024-01-31,0.0003,0.000075,2024-02-20 21:10:35.136116
SPER9,2024-01-31,0.0009,0.000225,2024-02-20 21:10:35.136116
YJSLT,2024-01-31,0.0007,0.000175,2024-02-20 21:10:35.136116
XPKYR,2024-01-31,0.0002,0.00005,2024-02-20 21:10:35.136116
XYRPP,2024-01-31,0.0008,0.0002,2024-02-20 21:10:35.136116
L8WHO,2024-01-31,0.0002,0.00005,2024-02-20 21:10:35.136116
MRMZJ,2024-01-31,0.0007,0.000175,2024-02-20 21:10:35.136116
PNHQS,2024-01-31,0.0004,0.0001,2024-02-20 21:10:35.136116
WBXBQ,2024-01-31,0.0007,0.000175,2024-02-20 21:10:35.136116
1RPWM,2024-01-31,0.0005,0.000125,2024-02-20 21:10:35.136116
DZYLB,2024-01-31,0.0006,0.00015,2024-02-20 21:10:35.136116
Z6RLQ,2024-01-31,0.0009,0.000225,2024-02-20 21:10:35.136116
SEYJB,2024-01-31,0.0005,0.000125,2024-02-20 21:10:35.136116
YMBSN,2024-01-31,0.0005,0.000125,2024-02-20 21:10:35.136116
JQC5I,2024-01-31,0.0002,0.00005,2024-02-20 21:10:35.136116
RZKWO,2024-01-31,0.0005,0.000125,2024-02-20 21:10:35.136116
NDZKI,2024-01-31,0.0004,0.0001,2024-02-20 21:10:35.136116
LUIJI,2024-01-31,0.0003,0.000075,2024-02-20 21:10:35.136116
KS2VO,2024-01-31,0.0007,0.000175,2024-02-20 21:10:35.136116
KPVK3,2024-01-31,0.0011,0.000275,2024-02-20 21:10:35.136116
UYLHX,2024-01-31,0.0002,0.00005,2024-02-20 21:10:35.136116
YAURK,2024-01-31,0.0009,0.000225,2024-02-20 21:10:35.136116
V0CZM,2024-01-31,0.0007,0.000175,2024-02-20 21:10:35.136116
6C3EV,2024-01-31,0.0011,0.000275,2024-02-20 21:10:35.136116
XB9SH,2024-01-31,0.0006,0.00015,2024-02-20 21:10:35.136116
ADKLM,2024-01-31,0.0006,0.00015,2024-02-20 21:10:35.136116
JUJJ8,2024-01-31,0.0004,0.0001,2024-02-20 21:10:35.136116
EQ1FK,2024-01-31,0.0003,0.000075,2024-02-20 21:10:35.136116
LY6B9,2024-01-31,0.0009,0.000225,2024-02-20 21:10:35.136116
KVHG3,2024-01-31,0.0004,0.0001,2024-02-20 21:10:35.136116
V0QYW,2024-01-31,0.0006,0.00015,2024-02-20 21:10:35.136116
FK70I,2024-01-31,0.0011,0.000275,2024-02-20 21:10:35.136116
RMY81,2024-01-31,0.0007,0.000175,2024-02-20 21:10:35.136116
ELSBE,2024-01-31,0.0003,0.000075,2024-02-20 21:10:35.136116
CX3SX,2024-01-31,0.0008,0.0002,2024-02-20 21:10:35.136116
LDYW3,2024-01-31,0.0009,0.000225,2024-02-20 21:10:35.136116
V8QCS,2024-01-31,0.0002,0.00005,2024-02-20 21:10:35.136116
OUPJQ,2024-01-31,0.0002,0.00005,2024-02-20 21:10:35.136116
KREGA,2024-01-31,0.0005,0.000125,2024-02-20 21:10:35.136116
RPO1W,2024-01-31,0.001,0.00025,2024-02-20 21:10:35.136116
IWAFB,2024-01-31,0.0011,0.000275,2024-02-20 21:10:35.136116
QBJYP,2024-01-31,0.0008,0.0002,2024-02-20 21:10:35.136116
FDAVI,2024-01-31,0.0005,0.000125,2024-02-20 21:10:35.136116
FIO5W,2024-01-31,0.0005,0.000125,2024-02-20 21:10:35.136116
UMYV8,2024-01-31,0.0009,0.000225,2024-02-20 21:10:35.136116
EVNKH,2024-01-31,0.0007,0.000175,2024-02-20 21:10:35.136116
E2PMJ,2024-01-31,0.0008,0.0002,2024-02-20 21:10:35.136116
J3YKB,2024-01-31,0.0006,0.00015,2024-02-20 21:10:35.136116
O1XXQ,2024-01-31,0.0003,0.000075,2024-02-20 21:10:35.136116
UAAAV,2024-01-31,0.0005,0.000125,2024-02-20 21:10:35.136116
MJEBP,2024-01-31,0.0002,0.00005,2024-02-20 21:10:35.136116
FDWFF,2024-01-31,0.0004,0.0001,2024-02-20 21:10:35.136116
9CRCA,2024-01-31,0.0011,0.000275,2024-02-20 21:10:35.136116
IOKOW,2024-01-31,0.0007,0.000175,2024-02-20 21:10:35.136116
XSHWW,2024-01-31,0.0006,0.00015,2024-02-20 21:10:35.136116
04WPR,2024-01-31,0.0002,0.00005,2024-02-20 21:10:35.136116
OWEJT,2024-01-31,0.0006,0.00015,2024-02-20 21:10:35.136116
IY1VO,2024-01-31,0.0009,0.000225,2024-02-20 21:10:35.136116
KE5DQ,2024-01-31,0.0008,0.0002,2024-02-20 21:10:35.136116
OXLXA,2024-01-31,0.0011,0.000275,2024-02-20 21:10:35.136116
758AT,2024-01-31,0.0003,0.000075,2024-02-20 21:10:35.136116
9BSTR,2024-01-31,0.0011,0.000275,2024-02-20 21:10:35.136116
JAFJR,2024-01-31,0.001,0.00025,2024-02-20 21:10:35.136116
5IGGJ,2024-01-31,0.0009,0.000225,2024-02-20 21:10:35.136116
S0TQF,2024-01-31,0.0011,0.000275,2024-02-20 21:10:35.136116
RE6HI,2024-01-31,0.0007,0.000175,2024-02-20 21:10:35.136116
TWGFU,2024-01-31,0.0004,0.0001,2024-02-20 21:10:35.136116
SG3XC,2024-01-31,0.0011,0.000275,2024-02-20 21:10:35.136116
SPU6S,2024-01-31,0.0002,0.00005,2024-02-20 21:10:35.136116
ODT5A,2024-01-31,0.0006,0.00015,2024-02-20 21:10:35.136116
W5HFS,2024-01-31,0.0011,0.000275,2024-02-20 21:10:35.136116
DENOU,2024-01-31,0.0003,0.000075,2024-02-20 21:10:35.136116
KKCVR,2024-01-31,0.0009,0.000225,2024-02-20 21:10:35.136116
CHIRG,2024-01-31,0.001,0.00025,2024-02-20 21:10:35.136116
3IMYJ,2024-01-31,0.0005,0.000125,2024-02-20 21:10:35.136116
7CDKT,2024-01-31,0.0005,0.000125,2024-02-20 21:10:35.136116
QYQV5,2024-01-31,0.0006,0.00015,2024-02-20 21:10:35.136116
V4XLM,2024-01-31,0.0005,0.000125,2024-02-20 21:10:35.136116
NTRIG,2024-01-31,0.0004,0.0001,2024-02-20 21:10:35.136116
UBHEA,2024-01-31,0.0009,0.000225,2024-02-20 21:10:35.136116
XKGUU,2024-01-31,0.0006,0.00015,2024-02-20 21:10:35.136116
MJISX,2024-01-31,0.0004,0.0001,2024-02-20 21:10:35.136116
SPNZV,2024-01-31,0.0002,0.00005,2024-02-20 21:10:35.136116
RVWYX,2024-01-31,0.0007,0.000175,2024-02-20 21:10:35.136116
K1PNH,2024-01-31,0.0011,0.000275,2024-02-20 21:10:35.136116
CB2C3,2024-01-31,0.0006,0.00015,2024-02-20 21:10:35.136116
XXXNU,2024-01-31,0.0011,0.000275,2024-02-20 21:10:35.136116
94ONH,2024-01-31,0.0004,0.0001,2024-02-20 21:10:35.136116
428RJ,2024-01-31,0.0005,0.000125,2024-02-20 21:10:35.136116
VEMCC,2024-01-31,0.0011,0.000275,2024-02-20 21:10:35.136116
ALRIS,2024-01-31,0.0005,0.000125,2024-02-20 21:10:35.136116
SQY1N,2024-01-31,0.0006,0.00015,2024-02-20 21:10:35.136116
V5IFS,2024-01-31,0.0002,0.00005,2024-02-20 21:10:35.136116
1HMBZ,2024-01-31,0.0011,0.000275,2024-02-20 21:10:35.136116
BUIKW,2024-01-31,0.0002,0.00005,2024-02-20 21:10:35.136116
Q7SNC,2024-01-31,0.0003,0.000075,2024-02-20 21:10:35.136116
B92IB,2024-01-31,0.0009,0.000225,2024-02-20 21:10:35.136116
RA6AO,2024-01-31,0.001,0.00025,2024-02-20 21:10:35.136116
GI4XI,2024-01-31,0.0009,0.000225,2024-02-20 21:10:35.136116
ENQ4J,2024-01-31,0.0004,0.0001,2024-02-20 21:10:35.136116
NVVTO,2024-01-31,0.0003,0.000075,2024-02-20 21:10:35.136116
S5PUV,2024-01-31,0.0009,0.000225,2024-02-20 21:10:35.136116
A3S0R,2024-01-31,0.0004,0.0001,2024-02-20 21:10:35.136116
G3QVP,2024-01-31,0.0003,0.000075,2024-02-20 21:10:35.136116
VUE79,2024-01-31,0.0004,0.0001,2024-02-20 21:10:35.136116
KYBQX,2024-01-31,0.0008,0.0002,2024-02-20 21:10:35.136116
VGPC3,2024-01-31,0.0005,0.000125,2024-02-20 21:10:35.136116
ISYYU,2024-01-31,0.001,0.00025,2024-02-20 21:10:35.136116
G1LWF,2024-01-31,0.0008,0.0002,2024-02-20 21:10:35.136116
Y6P3J,2024-01-31,0.0008,0.0002,2024-02-20 21:10:35.136116
DC2UR,2024-01-31,0.0008,0.0002,2024-02-20 21:10:35.136116
O358T,2024-01-31,0.0002,0.00005,2024-02-20 21:10:35.136116
LLSRW,2024-01-31,0.0006,0.00015,2024-02-20 21:10:35.136116
A7GOJ,2024-01-31,0.0007,0.000175,2024-02-20 21:10:35.136116
Q06U8,2024-01-31,0.0006,0.00015,2024-02-20 21:10:35.136116
CDY8U,2024-01-31,0.0008,0.0002,2024-02-20 21:10:35.136116
4VZ4P,2024-01-31,0.0006,0.00015,2024-02-20 21:10:35.136116
QSO0R,2024-01-31,0.0005,0.000125,2024-02-20 21:10:35.136116
NCO5U,2024-01-31,0.0007,0.000175,2024-02-20 21:10:35.136116
EQQPA,2024-01-31,0.0005,0.000125,2024-02-20 21:10:35.136116
1ISO0,2024-01-31,0.001,0.00025,2024-02-20 21:10:35.136116
VEMMV,2024-01-31,0.0003,0.000075,2024-02-20 21:10:35.136116
6P927,2024-01-31,0.0002,0.00005,2024-02-20 21:10:35.136116
KOVXV,2024-01-31,0.0002,0.00005,2024-02-20 21:10:35.136116
5KNCJ,2024-01-31,0.001,0.00025,2024-02-20 21:10:35.136116
ASBLI,2024-01-31,0.0003,0.000075,2024-02-20 21:10:35.136116
B97MR,2024-01-31,0.0005,0.000125,2024-02-20 21:10:35.136116
6YPBF,2024-01-31,0.0007,0.000175,2024-02-20 21:10:35.136116
5XFYO,2024-01-31,0.0005,0.000125,2024-02-20 21:10:35.136116
FDAQG,2024-01-31,0.0008,0.0002,2024-02-20 21:10:35.136116
0HKMU,2024-01-31,0.0009,0.000225,2024-02-20 21:10:35.136116
EQQTQ,2024-01-31,0.0002,0.00005,2024-02-20 21:10:35.136116
S32XQ,2024-01-31,0.0006,0.00015,2024-02-20 21:10:35.136116
WF8S8,2024-01-31,0.0002,0.00005,2024-02-20 21:10:35.136116
FKGE3,2024-01-31,0.0009,0.000225,2024-02-20 21:10:35.136116
MBNKW,2024-01-31,0.0011,0.000275,2024-02-20 21:10:35.136116
JQPQ7,2024-01-31,0.0006,0.00015,2024-02-20 21:10:35.136116
CYHBG,2024-01-31,0.0003,0.000075,2024-02-20 21:10:35.136116
VD6LQ,2024-01-31,0.0008,0.0002,2024-02-20 21:10:35.136116
XHBNJ,2024-01-31,0.0011,0.000275,2024-02-20 21:10:35.136116
TIM7W,2024-01-31,0.0004,0.0001,2024-02-20 21:10:35.136116
TKKDY,2024-01-31,0.0003,0.000075,2024-02-20 21:10:35.136116
QWKGH,2024-01-31,0.0006,0.00015,2024-02-20 21:10:35.136116
PN80Z,2024-01-31,0.0005,0.000125,2024-02-20 21:10:35.136116
DZ0SX,2024-01-31,0.0005,0.000125,2024-02-20 21:10:35.136116
8QORJ,2024-01-31,0.0006,0.00015,2024-02-20 21:10:35.136116
HMV5O,2024-01-31,0.001,0.00025,2024-02-20 21:10:35.136116
HI8F0,2024-01-31,0.0005,0.000125,2024-02-20 21:10:35.136116
M41GE,2024-01-31,0.0004,0.0001,2024-02-20 21:10:35.136116
SS5IQ,2024-01-31,0.0004,0.0001,2024-02-20 21:10:35.136116
CBPUY,2024-01-31,0.0002,0.00005,2024-02-20 21:10:35.136116
AYFG1,2024-01-31,0.0005,0.000125,2024-02-20 21:10:35.136116
2QRDF,2024-01-31,0.0002,0.00005,2024-02-20 21:10:35.136116
C4QIX,2024-01-31,0.0007,0.000175,2024-02-20 21:10:35.136116
R1BS0,2024-01-31,0.0004,0.0001,2024-02-20 21:10:35.136116
ROYBY,2024-01-31,0.0004,0.0001,2024-02-20 21:10:35.136116
BTOES,2024-01-31,0.0008,0.0002,2024-02-20 21:10:35.136116
GF4WK,2024-01-31,0.0005,0.000125,2024-02-20 21:10:35.136116
TCRD6,2024-01-31,0.0006,0.00015,2024-02-20 21:10:35.136116
LOG2C,2024-01-31,0.0011,0.000275,2024-02-20 21:10:35.136116
E19HW,2024-01-31,0.001,0.00025,2024-02-20 21:10:35.136116
TK37I,2024-01-31,0.0008,0.0002,2024-02-20 21:10:35.136116
WMK1L,2024-01-31,0.0007,0.000175,2024-02-20 21:10:35.136116
KKRWL,2024-01-31,0.0005,0.000125,2024-02-20 21:10:35.136116
L8HNW,2024-01-31,0.0006,0.00015,2024-02-20 21:10:35.136116
B2FWF,2024-01-31,0.001,0.00025,2024-02-20 21:10:35.136116
RX17F,2024-01-31,0.0008,0.0002,2024-02-20 21:10:35.136116
7NOBV,2024-01-31,0.0003,0.000075,2024-02-20 21:10:35.136116
K1KKF,2024-01-31,0.0007,0.000175,2024-02-20 21:10:35.136116
RDHUU,2024-01-31,0.0007,0.000175,2024-02-20 21:10:35.136116
JWNSF,2024-01-31,0.0002,0.00005,2024-02-20 21:10:35.136116
DLRKP,2024-01-31,0.0005,0.000125,2024-02-20 21:10:35.136116
PCMHC,2024-01-31,0.0003,0.000075,2024-02-20 21:10:35.136116
H2NQX,2024-01-31,0.0007,0.000175,2024-02-20 21:10:35.136116
VJPW1,2024-01-31,0.0004,0.0001,2024-02-20 21:10:35.136116
WIBEA,2024-01-31,0.0007,0.000175,2024-02-20 21:10:35.136116
JS3T5,2024-01-31,0.0007,0.000175,2024-02-20 21:10:35.136116
JW28Z,2024-01-31,0.001,0.00025,2024-02-20 21:10:35.136116
32EN9,2024-01-31,0.0007,0.000175,2024-02-20 21:10:35.136116
OXULU,2024-01-31,0.0008,0.0002,2024-02-20 21:10:35.136116
KTPGO,2024-01-31,0.0007,0.000175,2024-02-20 21:10:35.136116
YEPMC,2024-01-31,0.0011,0.000275,2024-02-20 21:10:35.136116
WVWND,2024-01-31,0.0007,0.000175,2024-02-20 21:10:35.136116
SJ2WU,2024-01-31,0.0005,0.000125,2024-02-20 21:10:35.136116
AI7UQ,2024-01-31,0.0006,0.00015,2024-02-20 21:10:35.136116
566NT,2024-01-31,0.0006,0.00015,2024-02-20 21:10:35.136116
41QAE,2024-01-31,0.0005,0.000125,2024-02-20 21:10:35.136116
C2UBG,2024-01-31,0.0005,0.000125,2024-02-20 21:10:35.136116
V7WH7,2024-01-31,0.0006,0.00015,2024-02-20 21:10:35.136116
MFJR7,2024-01-31,0.0003,0.000075,2024-02-20 21:10:35.136116
TCFGC,2024-01-31,0.0007,0.000175,2024-02-20 21:10:35.136116
DIFNZ,2024-01-31,0.0005,0.000125,2024-02-20 21:10:35.136116
RYJWJ,2024-01-31,0.0009,0.000225,2024-02-20 21:10:35.136116
CWJZR,2024-01-31,0.0007,0.000175,2024-02-20 21:10:35.136116
NBBAQ,2024-01-31,0.0003,0.000075,2024-02-20 21:10:35.136116
TO5KC,2024-01-31,0.0006,0.00015,2024-02-20 21:10:35.136116
ZMCX2,2024-01-31,0.0007,0.000175,2024-02-20 21:10:35.136116
PU08Q,2024-01-31,0.0011,0.000275,2024-02-20 21:10:35.136116
TRLKD,2024-01-31,0.0002,0.00005,2024-02-20 21:10:35.136116
NL8FC,2024-01-31,0.0009,0.000225,2024-02-20 21:10:35.136116
YFDBA,2024-01-31,0.0003,0.000075,2024-02-20 21:10:35.136116
E6MBD,2024-01-31,0.0005,0.000125,2024-02-20 21:10:35.136116
CMIDS,2024-01-31,0.001,0.00025,2024-02-20 21:10:35.136116
VKNCN,2024-01-31,0.0005,0.000125,2024-02-20 21:10:35.136116
QDI2U,2024-01-31,0.0009,0.000225,2024-02-20 21:10:35.136116
WDZRR,2024-01-31,0.0004,0.0001,2024-02-20 21:10:35.136116
OHNFE,2024-01-31,0.0008,0.0002,2024-02-20 21:10:35.136116
HWUFT,2024-01-31,0.0006,0.00015,2024-02-20 21:10:35.136116
YWKKR,2024-01-31,0.0007,0.000175,2024-02-20 21:10:35.136116
8CR3H,2024-01-31,0.001,0.00025,2024-02-20 21:10:35.136116
EYCTR,2024-01-31,0.0002,0.00005,2024-02-20 21:10:35.136116
I2N2Q,2024-01-31,0.0005,0.000125,2024-02-20 21:10:35.136116
QII3Z,2024-01-31,0.001,0.00025,2024-02-20 21:10:35.136116
KXUT7,2024-01-31,0.0002,0.00005,2024-02-20 21:10:35.136116
XZEB7,2024-01-31,0.0006,0.00015,2024-02-20 21:10:35.136116
EB5Y2,2024-01-31,0.0003,0.000075,2024-02-20 21:10:35.136116
VKVRX,2024-01-31,0.0008,0.0002,2024-02-20 21:10:35.136116
FUCFE,2024-01-31,0.0002,0.00005,2024-02-20 21:10:35.136116
U8IXC,2024-01-31,0.0005,0.000125,2024-02-20 21:10:35.136116
L61QP,2024-01-31,0.0003,0.000075,2024-02-20 21:10:35.136116
2CU4H,2024-01-31,0.0003,0.000075,2024-02-20 21:10:35.136116
N7TDW,2024-01-31,0.0005,0.000125,2024-02-20 21:10:35.136116
ZRPHC,2024-01-31,0.0007,0.000175,2024-02-20 21:10:35.136116
3KKFO,2024-01-31,0.0002,0.00005,2024-02-20 21:10:35.136116
KIJYO,2024-01-31,0.0011,0.000275,2024-02-20 21:10:35.136116
IHCU2,2024-01-31,0.0009,0.000225,2024-02-20 21:10:35.136116
KC1F4,2024-01-31,0.0003,0.000075,2024-02-20 21:10:35.136116
GNZWH,2024-01-31,0.0011,0.000275,2024-02-20 21:10:35.136116
BDM67,2024-01-31,0.0005,0.000125,2024-02-20 21:10:35.136116
1MH9J,2024-01-31,0.001,0.00025,2024-02-20 21:10:35.136116
J4Q5B,2024-01-31,0.0002,0.00005,2024-02-20 21:10:35.136116
95C1W,2024-01-31,0.0011,0.000275,2024-02-20 21:10:35.136116
4OQUA,2024-01-31,0.0004,0.0001,2024-02-20 21:10:35.136116
TWCTQ,2024-01-31,0.0006,0.00015,2024-02-20 21:10:35.136116
BUGHL,2024-01-31,0.0009,0.000225,2024-02-20 21:10:35.136116
NQKVH,2024-01-31,0.0005,0.000125,2024-02-20 21:10:35.136116
FQRAG,2024-01-31,0.0002,0.00005,2024-02-20 21:10:35.136116
F4BEV,2024-01-31,0.0006,0.00015,2024-02-20 21:10:35.136116
A8BZD,2024-01-31,0.0003,0.000075,2024-02-20 21:10:35.136116
3MJ3I,2024-01-31,0.0006,0.00015,2024-02-20 21:10:35.136116
QPEEM,2024-01-31,0.0011,0.000275,2024-02-20 21:10:35.136116
LR4BA,2024-01-31,0.001,0.00025,2024-02-20 21:10:35.136116
SJEXP,2024-01-31,0.0002,0.00005,2024-02-20 21:10:35.136116
MOMD6,2024-01-31,0.0002,0.00005,2024-02-20 21:10:35.136116
8B3KT,2024-01-31,0.001,0.00025,2024-02-20 21:10:35.136116
DPMKJ,2024-01-31,0.001,0.00025,2024-02-20 21:10:35.136116
3BXQN,2024-01-31,0.0002,0.00005,2024-02-20 21:10:35.136116
QZVQE,2024-01-31,0.001,0.00025,2024-02-20 21:10:35.136116
NDW7Y,2024-01-31,0.0006,0.00015,2024-02-20 21:10:35.136116
1DEDY,2024-01-31,0.0008,0.0002,2024-02-20 21:10:35.136116
BPFDI,2024-01-31,0.0003,0.000075,2024-02-20 21:10:35.136116
RFWMG,2024-01-31,0.0005,0.000125,2024-02-20 21:10:35.136116
QGDIR,2024-01-31,0.001,0.00025,2024-02-20 21:10:35.136116
PGBGT,2024-01-31,0.0003,0.000075,2024-02-20 21:10:35.136116
QAODD,2024-01-31,0.0005,0.000125,2024-02-20 21:10:35.136116
